ts	phase	decision	why	evidence	result
2026-10-08T21:01:04Z	scope	Implement experimental Linux X11 support for 0.1.1	The user approved the scoped Linux port and Docker testing. AGENTS.md keeps delivery in the working tree.	AGENTS.md	open
2026-10-08T21:03:07Z	grounding	Include persistent Linux clipboard ownership and a Settings tray menu entry	Locked dependency contracts show the clipboard vanishes on drop and Linux tray click events do not fire.	.audit/linux-x11-grounding.md	open
2026-10-08T21:06:56Z	design	Use feature-owned Linux branches and opaque clipboard lifetime state	Candidate A and the independent judge favor small regression scope. Keep capture coordinate normalization inside capture.	.audit/linux-x11-design.md	accepted
2026-10-08T21:07:30Z	baseline	Reproduce the unmodified native Linux build failure	A real Linux compiler reports both autostart functions return unit instead of Result<bool>.	.audit/linux-x11/baseline-rust.log	reproduced
2026-10-08T21:09:43Z	capture	Match independently truncated XCap origin and extent fields	Summing independently truncated fields doubles rounding error; preserve unique-match refusal.	.audit/linux-x11-design.md	accepted
2026-10-08T21:13:03Z	native-check	Pass 55 Rust tests in Linux after the native changes	The real Linux run now tests startup refusal and scaled capture selection as well as existing behavior.	.audit/linux-x11/native-initial-checks.log	Rust tests green; binary build pending
2026-10-08T21:18:34Z	runtime	Reproduce hidden GTK input-shape crash on the real X11 desktop	Tao unwraps the native GTK window before hidden overlays are realized. Fix the initialization order before claiming GUI support.	.audit/linux-x11/app-initial.log	fix in progress
2026-10-08T21:21:43Z	runtime	Realize hidden GTK overlays before applying their input shape	Tao needs the native window handle. This preserves hidden startup and fixes the observed crash.	apps/desktop/src-tauri/src/windows/setup.rs	native launch and tutorial dismissal passed
2026-10-08T21:21:43Z	harness	Use client-side X11 compositing with transparency and pin fixture Gdk3	The fixture loaded incompatible Gdk4. Automatic server-side compositing did not blend the transparent overlays.	scripts/linux/container.sh	drawing and undo passed; toolbar input check pending
2026-10-08T21:21:43Z	packaging	Build native ARM64 Debian and AppImage debug bundles	Prove local packaging in the available Debian Linux container before relying on the configured x86_64 release job.	.audit/linux-x11/native-package-build.log	both bundles built; packaged launch pending
2026-10-08T21:22:54Z	runtime	Trace the off-screen toolbar to a 200-pixel GTK minimum height	Real native bounds were744x200 at268,716 despite the76-pixel request. Clear button was below the800-pixel screen.	.audit/linux-x11/toolbar-size-failure.log	product sizing fix in progress
2026-10-08T21:25:44Z	runtime	Reject a1x1 GTK minimum request after native verification	Nonresizable GTK windows displayed at the explicit minimum instead of honoring Tauri resize requests. The fix must own native fixed-window sizing.	.audit/linux-x11/minimum-request-failure.txt	rejected; root-cause correction in progress
2026-10-08T21:27:56Z	runtime	Confirm fixed toolbar sizing and isolate a native stacking failure	The toolbar now has744x76 bounds. X11 stacking still places the drawing overlay above it, intercepting button input.	.audit/linux-x11/toolbar-stacking-failure.txt	sizing passes; ordering fix in progress
2026-10-08T21:32:29Z	runtime	Use transient control relationships to cross the fullscreen stacking layer	Plain raise and sibling restack assumed one WM layer. A native WM_TRANSIENT_FOR probe reverses the bad order without changing focus or744x76 bounds.	.audit/linux-x11/transient-probe.log	root cause confirmed; structural fix in progress
2026-10-08T21:46:39Z	native-gui	Pass all nine native checks at GTK scale1 and scale2	The real Linux app draws, clears, preserves control order and focus, copies independent PNGs after editor closure, and registers then removes autostart.	.audit/linux-x11/dpi-192/results.json	Debian ARM64 virtual X11 passed; complete runner and packaged launch pending
2026-10-08T21:46:39Z	harness	Use native tray keyboard navigation and convert GTK accessibility coordinates	The tray menu is visible but omits menu accessibility nodes. GTK scale2 reports logical accessibility coordinates. Native title and external file/pixel effects remain the assertions.	scripts/linux/smoke.py	native UI tests passed
2026-10-08T21:46:39Z	limitation	Retain the locked autostart dependency and document its HOME config path	Auto-launch0.5.0 ignores XDG_CONFIG_HOME. Test its actual ~/.config/autostart entry without changing HOME; custom config paths require a manual entry.	README.md	default autostart registration verified; custom paths documented
2026-10-08T21:49:23Z	verification	Pass the complete rerunnable Linux Docker command	The finalized driver completes project checks and builds,269 JavaScript tests,55 Linux Rust tests, all-target Clippy, and both nine-group native GUI runs.	.audit/linux-x11/final-native/run.log	exit0; GTK scale1 and2 passed
2026-10-08T21:49:23Z	verification	Pass58 macOS Rust tests and all-target Clippy after the native boundary changes	The Linux-only paths compile away and existing Tauri operations remain valid on the original platform.	.audit/linux-x11/macos-test.log	macOS checks passed; macOS and Windows GUI regressions not exercised
2026-10-08T21:55:07Z	packaging	Pass the rebuilt AppImage and installed Debian package through native GUI checks	Both ARM64 debug packages run the same nine behavioral groups, with independent clipboard images and package-specific autostart paths.	.audit/linux-x11/verification.md	AppImage GTK scale2 and installed Debian GTK scale1 passed; optimized x86_64 and signed updates remain untested
2026-10-08T21:55:07Z	audit	Ground the scope approval and verification entries in this exact session	The user authorized implementation. Preserved failures, corrections, complete Linux checks and actual packaged invocations agree with the transcript.	/Users/nallen/.codex/sessions/2026/10/08/rollout-2026-10-08T22-47-41-01a11d45-92f8-7ef1-829e-920ee925c230.jsonl	earlier AGENTS.md pointer shows delivery constraints; this transcript supplies authorization and execution evidence
2026-10-08T21:55:41Z	review	Obtain independent approval of the final source and packaged evidence	The gpt-6-astra reviewer checked native contracts, package runs, source scope, final report and the exact transcript. Its evidence addendum closes Debian installation and stale package labels.	.audit/linux-x11-review.md	approved for experimental X11; remaining release and hardware checks explicitly flagged
2026-10-08T21:58:03Z	pr	Prepare a commit and pull request on the existing feature branch	The later direct request to create a PR authorizes its necessary commit and push, overriding the repository maintainer-only rule for this delivery.	/Users/nallen/.codex/sessions/2026/10/08/rollout-2026-10-08T22-47-41-01a11d45-92f8-7ef1-829e-920ee925c230.jsonl	PR preparation in progress; local audit and Docker artifacts excluded
2026-10-08T22:01:15Z	pr	Create and register ready pull request 27	Two ordered commits separate the implementation from Docker verification and documentation. The actual GitHub file list excludes local audit artifacts, and T3 Code confirms the PR link.	https://github.com/ImNallen/Glassboard/pull/27	open against main at e221b0e; ready for review; original source review retained; release and hardware checks pending
2026-10-08T22:07:58Z	ci	Identify the Ubuntu failure as a PipeWire header incompatibility	The failed job compiles libspa0.10.1 against Ubuntu22.04 PipeWire0.3.48. Independent source grounding confirms the Rust code assumes functions and fields present in0.3.65.	.audit/linux-ubuntu-ci-failure.log	actual compiler error identified; local reproduction pending
2026-10-08T22:09:31Z	ci	Reproduce all seven compiler errors on Ubuntu22.04 before changing the build baseline	The actual locked project dependency fails against stock0.3.48 headers in a native ARM64 Ubuntu22.04 container. Existing Linux packages are unpublished, so choose Ubuntu24.04 instead of patching a third-party crate.	.audit/linux-ubuntu22-local-repro.log	exit101 with the same seven errors; Ubuntu24.04 probe and focused config fix next
2026-10-08T22:12:27Z	ci	Align check, release and native Docker verification on Ubuntu24.04	The same locked libspa dependency passes with stock1.0.5 headers. Document the changed package baseline and preserve Debian12 as a source-build option; isolate the new Cargo target cache from old Debian artifacts.	.audit/linux-ubuntu24-local-probe.log	probe exit0; six-file focused patch applied; full native validation pending
2026-10-08T22:15:30Z	ci-review	Pass comment review and begin independent source and evidence review	The six-file diff adds no comments or suppressions. A separate gpt-6-sol reviewer confirms the check/release/image baseline and cache split agree, while native validation continues.	.audit/linux-x11-ci.todo.md	comment flags0; independent final verdict pending full native results
2026-10-08T22:17:54Z	ci-verification	Pass the corrected Ubuntu24.04 CI command sequence locally	The native ARM64 container uses the workflow dependency list without GUI fixture-only dependencies. Desktop checks,59 JavaScript tests,55 Rust tests, Clippy and the native Tauri build all pass.	.audit/linux-ubuntu24-ci-local.log	exit0; full updated Docker GUI command now running
2026-10-08T22:21:59Z	ci-verification	Diagnose the updated Ubuntu24 virtual-desktop drawing failure	The same native binary changed zero drawing pixels with the default DMA-BUF renderer. Setting only WEBKIT_DISABLE_DMABUF_RENDERER=1 makes all nine behavioral groups pass. The host already includes Mesa software drivers, excluding a missing Mesa package.	.audit/linux-ubuntu24-gui-probe/command.log	fix one Docker-only environment setting; rerun complete driver at both scales
2026-10-08T22:21:59Z	scope	Respect the current maintainer-only Git instruction	The latest user-provided AGENTS.md precedes this fix request and explicitly prohibits commits, pushes, branches and PR edits. Earlier PR creation authorization does not override that later instruction.	AGENTS.md	leave the CI fix uncommitted in the prepared checkout; GitHub rerun awaits maintainer push
2026-10-08T22:24:12Z	ci-verification	Observe the rendered undo result instead of the fixed 200ms delay	The same binary at GTK scale2 has12077 residual pixels at the first snapshot and zero after another0.5seconds. Keep the strict fewer-than20pixel criterion and use the existing15second bounded wait. No application code changes.	.audit/linux-ubuntu24-undo-probe/command.log	complete final-source driver rerun at96and192DPI underway
2026-10-08T22:25:54Z	ci-verification	Apply observed renderer completion requirements to each canvas mutation assertion	Scale2 passes undo with the bounded wait but can observe the next mark before rendering. Drawing and clear now use the same existing bounded wait with their unchanged pixel thresholds. The assertions and evidence snapshots remain.	.audit/linux-ubuntu24-verified/run.log	complete final-source driver rerun at96and192DPI underway; no application changes
2026-10-08T22:28:00Z	ci-final	Complete local native verification and independent approval	The final-source complete Ubuntu24 ARM64 command exits0 with59desktopJS tests,189sharedUI tests,55Rust tests, native builds, Clippy and9of9GUI groups at both GTK scales1and2. Independent gpt-6-sol review approves the seven-file working-tree fix and flags actual AMD64 CI and release/hardware limits.	.audit/linux-x11-ci-verification.md	final pass supersedes previous underway rows; no commit/push/PR edit; maintainer owns Git delivery
